{
  "Products" : {
    "transaction" : "Products",
    "sampleCount" : 1800,
    "errorCount" : 0,
    "errorPct" : 0.0,
    "meanResTime" : 39.29722222222208,
    "medianResTime" : 11.0,
    "minResTime" : 5.0,
    "maxResTime" : 328.0,
    "pct1ResTime" : 146.9000000000001,
    "pct2ResTime" : 199.94999999999982,
    "pct3ResTime" : 263.99,
    "throughput" : 185.28049408131756,
    "receivedKBytesPerSec" : 343.76779223494594,
    "sentKBytesPerSec" : 44.56844280751415
  },
  "Total" : {
    "transaction" : "Total",
    "sampleCount" : 1800,
    "errorCount" : 0,
    "errorPct" : 0.0,
    "meanResTime" : 39.29722222222208,
    "medianResTime" : 11.0,
    "minResTime" : 5.0,
    "maxResTime" : 328.0,
    "pct1ResTime" : 146.9000000000001,
    "pct2ResTime" : 199.94999999999982,
    "pct3ResTime" : 263.99,
    "throughput" : 185.28049408131756,
    "receivedKBytesPerSec" : 343.76779223494594,
    "sentKBytesPerSec" : 44.56844280751415
  }
}