{
  "Products" : {
    "transaction" : "Products",
    "sampleCount" : 1800,
    "errorCount" : 0,
    "errorPct" : 0.0,
    "meanResTime" : 20.794999999999984,
    "medianResTime" : 9.0,
    "minResTime" : 5.0,
    "maxResTime" : 244.0,
    "pct1ResTime" : 30.0,
    "pct2ResTime" : 112.0,
    "pct3ResTime" : 201.97000000000003,
    "throughput" : 184.44512757454658,
    "receivedKBytesPerSec" : 342.2178605966287,
    "sentKBytesPerSec" : 44.90786549595245
  },
  "Total" : {
    "transaction" : "Total",
    "sampleCount" : 1800,
    "errorCount" : 0,
    "errorPct" : 0.0,
    "meanResTime" : 20.794999999999984,
    "medianResTime" : 9.0,
    "minResTime" : 5.0,
    "maxResTime" : 244.0,
    "pct1ResTime" : 30.0,
    "pct2ResTime" : 112.0,
    "pct3ResTime" : 201.97000000000003,
    "throughput" : 184.44512757454658,
    "receivedKBytesPerSec" : 342.2178605966287,
    "sentKBytesPerSec" : 44.90786549595245
  }
}