{
  "Products" : {
    "transaction" : "Products",
    "sampleCount" : 24000,
    "errorCount" : 0,
    "errorPct" : 0.0,
    "meanResTime" : 15.41229166666653,
    "medianResTime" : 9.0,
    "minResTime" : 4.0,
    "maxResTime" : 1052.0,
    "pct1ResTime" : 15.0,
    "pct2ResTime" : 19.0,
    "pct3ResTime" : 30.0,
    "throughput" : 200.4426441725477,
    "receivedKBytesPerSec" : 372.0575972460016,
    "sentKBytesPerSec" : 48.810361162149746
  },
  "Total" : {
    "transaction" : "Total",
    "sampleCount" : 24000,
    "errorCount" : 0,
    "errorPct" : 0.0,
    "meanResTime" : 15.41229166666653,
    "medianResTime" : 9.0,
    "minResTime" : 4.0,
    "maxResTime" : 1052.0,
    "pct1ResTime" : 15.0,
    "pct2ResTime" : 19.0,
    "pct3ResTime" : 30.0,
    "throughput" : 200.4426441725477,
    "receivedKBytesPerSec" : 372.0575972460016,
    "sentKBytesPerSec" : 48.810361162149746
  }
}