{
  "Products" : {
    "transaction" : "Products",
    "sampleCount" : 1400,
    "errorCount" : 0,
    "errorPct" : 0.0,
    "meanResTime" : 67.68357142857144,
    "medianResTime" : 10.0,
    "minResTime" : 5.0,
    "maxResTime" : 549.0,
    "pct1ResTime" : 306.2000000000007,
    "pct2ResTime" : 360.85000000000014,
    "pct3ResTime" : 495.0,
    "throughput" : 148.11680067710537,
    "receivedKBytesPerSec" : 275.2063055438003,
    "sentKBytesPerSec" : 35.77026935436945
  },
  "Total" : {
    "transaction" : "Total",
    "sampleCount" : 1400,
    "errorCount" : 0,
    "errorPct" : 0.0,
    "meanResTime" : 67.68357142857144,
    "medianResTime" : 10.0,
    "minResTime" : 5.0,
    "maxResTime" : 549.0,
    "pct1ResTime" : 306.2000000000007,
    "pct2ResTime" : 360.85000000000014,
    "pct3ResTime" : 495.0,
    "throughput" : 148.11680067710537,
    "receivedKBytesPerSec" : 275.2063055438003,
    "sentKBytesPerSec" : 35.77026935436945
  }
}