{
  "Products" : {
    "transaction" : "Products",
    "sampleCount" : 1400,
    "errorCount" : 0,
    "errorPct" : 0.0,
    "meanResTime" : 11.990714285714274,
    "medianResTime" : 9.0,
    "minResTime" : 5.0,
    "maxResTime" : 125.0,
    "pct1ResTime" : 13.0,
    "pct2ResTime" : 20.950000000000045,
    "pct3ResTime" : 84.96000000000004,
    "throughput" : 145.4998960715028,
    "receivedKBytesPerSec" : 270.3440033257119,
    "sentKBytesPerSec" : 35.42246528138641
  },
  "Total" : {
    "transaction" : "Total",
    "sampleCount" : 1400,
    "errorCount" : 0,
    "errorPct" : 0.0,
    "meanResTime" : 11.990714285714274,
    "medianResTime" : 9.0,
    "minResTime" : 5.0,
    "maxResTime" : 125.0,
    "pct1ResTime" : 13.0,
    "pct2ResTime" : 20.950000000000045,
    "pct3ResTime" : 84.96000000000004,
    "throughput" : 145.4998960715028,
    "receivedKBytesPerSec" : 270.3440033257119,
    "sentKBytesPerSec" : 35.42246528138641
  }
}